annotation_batch,dataset_partition,item_id,reviewer_slot,utterance,reviewed_Formality,reviewed_Humor,reviewed_Curiosity,reviewer_id,review_status,reviewer_notes
team_review_100,dev,team_review_100-0041,D,"Also, I I I like to spent or ah no no no no, I I I love shopping",,,,,pending,
team_review_100,dev,team_review_100-0054,D,So they they always ask me to from simple question or um very difficult question I do I don't know,,,,,pending,
team_review_100,dev,team_review_100-0074,D,"Nope, that will be all. Oh. Oh, yes. Actually, can you tell me who stars in the film?",,,,,pending,
team_review_100,dev,team_review_100-0020,D,you think it won't cost an Not a lot for us?,,,,,pending,
team_review_100,dev,team_review_100-0093,D,Maybe eh this room is hers,,,,,pending,
team_review_100,dev,team_review_100-0035,D,Yeah So I I love red red color So do you have any red sweater,,,,,pending,
team_review_100,dev,team_review_100-0090,D,Yeah. How long does the trip take normally?,,,,,pending,
team_review_100,dev,team_review_100-0063,D,Awesome. Thank you so much.,,,,,pending,
team_review_100,dev,team_review_100-0096,D,"2% if you could, please.",,,,,pending,
team_review_100,dev,team_review_100-0046,D,I I hate choice of mm products,,,,,pending,
team_review_100,dev,team_review_100-0047,D,"And there is many there are many, many fishes, corals So so fantastic",,,,,pending,
team_review_100,dev,team_review_100-0022,D,so we can save on the batteries,,,,,pending,
team_review_100,dev,team_review_100-0039,D,I love Ca Canada very much,,,,,pending,
team_review_100,dev,team_review_100-0010,D,which is something that definitely appeals to younger people.,,,,,pending,
team_review_100,dev,team_review_100-0083,D,"Oh, that's great. And could you tell me if the restaurants have serve alcohol?",,,,,pending,
team_review_100,dev,team_review_100-0044,D,I think so I definitely,,,,,pending,
team_review_100,dev,team_review_100-0052,D,And actually the flower is er always that there are a lot of flowers in Bali Island So the smell is really nice So I love to be in Bali,,,,,pending,
team_review_100,dev,team_review_100-0085,D,What type of ride is it?,,,,,pending,
team_review_100,dev,team_review_100-0061,D,That definitely sounds good. Could I make a reservation for that one?,,,,,pending,
team_review_100,dev,team_review_100-0053,D,What time is best for you,,,,,pending,
team_review_100,dev,team_review_100-0087,D,Great. Could I get a black and white mocha?,,,,,pending,
team_review_100,dev,team_review_100-0095,D,I love Internet too,,,,,pending,
team_review_100,dev,team_review_100-0011,D,And and we're gonna make it we're gonna win mind-share by uh either being a fantastic product,,,,,pending,
team_review_100,dev,team_review_100-0082,D,Are we all good to go? Awesome. Thank you so much.,,,,,pending,
team_review_100,dev,team_review_100-0033,D,"Yeah, I will absolutely be there",,,,,pending,
team_review_100,dev,team_review_100-0019,D,So that would be great for that.,,,,,pending,
team_review_100,dev,team_review_100-0064,D,"That sounds great. Can we please go start making a to book a reservation, please?",,,,,pending,
team_review_100,dev,team_review_100-0040,D,"It's not great like Japan, or eh it's a small city",,,,,pending,
team_review_100,dev,team_review_100-0076,D,Yes. Who directed the movie?,,,,,pending,
team_review_100,dev,team_review_100-0002,D,"It's definitely channel, volume, power.",,,,,pending,
team_review_100,dev,team_review_100-0008,D,then we'll come back to the chip I suppose.,,,,,pending,
team_review_100,dev,team_review_100-0043,D,We have a uh great location we live in great location to see and to take a picture,,,,,pending,
team_review_100,dev,team_review_100-0023,D,"If we try to tell people it has too many great features, um the consumer just gets confused and we don't get anywhere.",,,,,pending,
team_review_100,dev,team_review_100-0029,D,Supposed to have a great memory,,,,,pending,
team_review_100,dev,team_review_100-0032,D,What is what do you recommend to me to souvenir to my friends,,,,,pending,
team_review_100,dev,team_review_100-0013,D,"And also um I will ask the Market Expert to uh try to find out what are the absolute requirements, what is absolutely needed in a remote control uh for the user.",,,,,pending,
team_review_100,dev,team_review_100-0036,D,"already take trains ev everyday in weekdays So, I hate",,,,,pending,
team_review_100,dev,team_review_100-0028,D,'cause you haven't drawn the ears?,,,,,pending,
team_review_100,dev,team_review_100-0062,D,"Great, thank you. Please process my order.",,,,,pending,
team_review_100,dev,team_review_100-0034,D,Oh I like it I love it,,,,,pending,
team_review_100,dev,team_review_100-0048,D,"And I'm really sorry but if there's another chance to go, then I would definitely want to go, too",,,,,pending,
team_review_100,dev,team_review_100-0009,D,but what if it was kind of uh a stylised banana?,,,,,pending,
team_review_100,dev,team_review_100-0088,D,Have a great day. Bye.,,,,,pending,
team_review_100,dev,team_review_100-0016,D,Digital pen is horrible.,,,,,pending,
team_review_100,dev,team_review_100-0071,D,Can we do tomorrow in the afternoon?,,,,,pending,
team_review_100,dev,team_review_100-0098,D,"Yes, could I please have five splendors?",,,,,pending,
team_review_100,dev,team_review_100-0094,D,We we we love to pasta,,,,,pending,
team_review_100,dev,team_review_100-0007,D,and I get to do another fantastic PowerPoint presentation.,,,,,pending,
team_review_100,dev,team_review_100-0014,D,"Yes. Yes, yes this is Yes definitely a horse. Yes.",,,,,pending,
team_review_100,dev,team_review_100-0080,D,Thank you so much for your help. I appreciate that. Have a wonderful weekend.,,,,,pending,
team_review_100,dev,team_review_100-0056,D,"Oh great And you know, uum on December first,",,,,,pending,
team_review_100,dev,team_review_100-0015,D,I think most definitely.,,,,,pending,
team_review_100,dev,team_review_100-0051,D,And what time is it convenient for you,,,,,pending,
team_review_100,dev,team_review_100-0049,D,"But, most er comparing to stay hotel, it is uncomfortable but it was uncomfortable But, anyway the silence is great",,,,,pending,
team_review_100,dev,team_review_100-0030,D,It's definitely significantly harder once you are doing it.,,,,,pending,
team_review_100,dev,team_review_100-0005,D,"It was, wasn't it?",,,,,pending,
team_review_100,dev,team_review_100-0026,D,or shall we leave that for now?,,,,,pending,
team_review_100,dev,team_review_100-0068,D,Does Miss Saigon serve alcoholic beverages?,,,,,pending,
team_review_100,dev,team_review_100-0077,D,I'm doing great. How are you doing?,,,,,pending,
team_review_100,dev,team_review_100-0078,D,"Great. Before you go, can you tell me who the director is of the movie?",,,,,pending,
team_review_100,dev,team_review_100-0091,D,Feel like feel like feel like fallingly falling in love,,,,,pending,
team_review_100,dev,team_review_100-0058,D,So she so her heart is ah very mm excited then,,,,,pending,
team_review_100,dev,team_review_100-0084,D,Could I have some whipped cream on top? That'd be great.,,,,,pending,
team_review_100,dev,team_review_100-0038,D,I will have my hair cut,,,,,pending,
team_review_100,dev,team_review_100-0070,D,"Okay, great. Now, who directed the movie called War?",,,,,pending,
team_review_100,dev,team_review_100-0100,D,How about Marry Poppins Returns? That's great.,,,,,pending,
team_review_100,dev,team_review_100-0075,D,Hi. Could you help me with setting up an appointment at Intelligent auto imports?,,,,,pending,
team_review_100,dev,team_review_100-0073,D,"No, could you please give me the address?",,,,,pending,
team_review_100,dev,team_review_100-0031,D,"urm so ee when I watch the movie, ee I am excited",,,,,pending,
team_review_100,dev,team_review_100-0059,D,But um luxurious food is very uum expensive for me,,,,,pending,
team_review_100,dev,team_review_100-0006,D,Do we really need that?,,,,,pending,
team_review_100,dev,team_review_100-0004,D,"But um, I think the logo would definitely be recognisable.",,,,,pending,
team_review_100,dev,team_review_100-0081,D,Can you book me a ticket for The Kid Who Would Be King?,,,,,pending,
team_review_100,dev,team_review_100-0069,D,Can you repeat the address to me?,,,,,pending,
team_review_100,dev,team_review_100-0003,D,"Yeah, definitely. Just bring more designs on the market.",,,,,pending,
team_review_100,dev,team_review_100-0057,D,And they er he mm he has a computer and and er so great stereo set,,,,,pending,
team_review_100,dev,team_review_100-0099,D,Awesome. I appreciate it.,,,,,pending,
team_review_100,dev,team_review_100-0021,D,"and provide you ways of using them, I dunno, somehow",,,,,pending,
team_review_100,dev,team_review_100-0066,D,What's the estimated time of arrival?,,,,,pending,
team_review_100,dev,team_review_100-0055,D,We love we love my our car,,,,,pending,
team_review_100,dev,team_review_100-0017,D,I've got some other things,,,,,pending,
team_review_100,dev,team_review_100-0060,D,"Actually, I hate the the crowded train, so if I can get up early, earlier than , uum I can take more earlier train But I , so, yeah, very difficult",,,,,pending,
team_review_100,dev,team_review_100-0097,D,That is all. You have a great night.,,,,,pending,
team_review_100,dev,team_review_100-0018,D,Um there are two target audi audiences,,,,,pending,
team_review_100,dev,team_review_100-0092,D,And I asked him if it's possible to do that and he said yes So that's why I bought this,,,,,pending,
team_review_100,dev,team_review_100-0086,D,"Yes, two tickets, please.",,,,,pending,
team_review_100,dev,team_review_100-0001,D,that you can usually do that with uh either a old old remote control if they really hate that thing,,,,,pending,
team_review_100,dev,team_review_100-0079,D,"Fantastic. No, that's fine. I got that, thank you.",,,,,pending,
team_review_100,dev,team_review_100-0065,D,"Okay. Do I need to reserve certain seats, or is this just open seating?",,,,,pending,
team_review_100,dev,team_review_100-0024,D,which make it uh like new also.,,,,,pending,
team_review_100,dev,team_review_100-0042,D,"I'll look around other corners, so, would you please negotiate your manager",,,,,pending,
team_review_100,dev,team_review_100-0067,D,"Great, do they have a reservation?",,,,,pending,
team_review_100,dev,team_review_100-0025,D,"Maybe we'll discuss this later, no?",,,,,pending,
team_review_100,dev,team_review_100-0045,D,then Ken hit the back of the motor cycle and the man who was on the motor cycle was very angry about that And they both argued,,,,,pending,
team_review_100,dev,team_review_100-0037,D,Um then what are there any other options that you can do,,,,,pending,
team_review_100,dev,team_review_100-0072,D,I'm going to eat at Le Beau today. Can I get their phone number?,,,,,pending,
team_review_100,dev,team_review_100-0050,D,"So, what time do you want to go there",,,,,pending,
team_review_100,dev,team_review_100-0012,D,"Uh, okay, definitely easy to use.",,,,,pending,
team_review_100,dev,team_review_100-0027,D,So uh any any thoughts?,,,,,pending,
team_review_100,dev,team_review_100-0089,D,"Okay, how long will the trip be? Okay, great. Thank you so much.",,,,,pending,
